match_id,season,team1,team2,winner,venue,team1_score,team2_score,team1_name,team2_name,winner_name,date,toss_winner,toss_decision,win_margin,win_margin_type,toss_match_winner,player_of_match
1,2021,MI,CSK,CSK,Kolkata,173,197,Mumbai Indians,Chennai Super Kings,Chennai Super Kings,2021-04-11,MI,field,6,wickets,False,Ruturaj Gaikwad
2,2021,MI,GT,MI,Pune,199,129,Mumbai Indians,Gujarat Titans,Mumbai Indians,2021-04-12,MI,field,70,runs,True,Jasprit Bumrah
3,2021,CSK,MI,CSK,Kolkata,209,202,Chennai Super Kings,Mumbai Indians,Chennai Super Kings,2021-04-13,CSK,bat,7,runs,True,Ruturaj Gaikwad
4,2021,CSK,GT,CSK,Lucknow,198,153,Chennai Super Kings,Gujarat Titans,Chennai Super Kings,2021-04-14,GT,field,45,runs,False,MS Dhoni
5,2021,PBKS,RR,PBKS,Bengaluru,199,168,Punjab Kings,Rajasthan Royals,Punjab Kings,2021-04-15,RR,field,31,runs,False,Arshdeep Singh
6,2021,RR,RCB,RR,Hyderabad,158,136,Rajasthan Royals,Royal Challengers Bengaluru,Rajasthan Royals,2021-04-16,RR,bat,22,runs,True,Yashasvi Jaiswal
7,2021,DC,MI,MI,Hyderabad,222,224,Delhi Capitals,Mumbai Indians,Mumbai Indians,2021-04-17,DC,field,4,wickets,False,Suryakumar Yadav
8,2021,PBKS,GT,PBKS,Delhi,205,195,Punjab Kings,Gujarat Titans,Punjab Kings,2021-04-18,PBKS,field,10,runs,True,Shreyas Iyer
9,2021,LSG,SRH,LSG,Mumbai,217,209,Lucknow Super Giants,Sunrisers Hyderabad,Lucknow Super Giants,2021-04-19,SRH,bat,8,runs,False,Rishabh Pant
10,2021,RR,MI,RR,Mumbai,193,160,Rajasthan Royals,Mumbai Indians,Rajasthan Royals,2021-04-20,MI,field,33,runs,False,Yashasvi Jaiswal
11,2021,PBKS,SRH,PBKS,Hyderabad,190,151,Punjab Kings,Sunrisers Hyderabad,Punjab Kings,2021-04-21,SRH,field,39,runs,False,Arshdeep Singh
12,2021,RR,MI,RR,Lucknow,176,145,Rajasthan Royals,Mumbai Indians,Rajasthan Royals,2021-04-22,RR,bat,31,runs,True,Yashasvi Jaiswal
13,2021,PBKS,DC,DC,Lucknow,173,212,Punjab Kings,Delhi Capitals,Delhi Capitals,2021-04-23,PBKS,field,7,wickets,False,KL Rahul
14,2021,SRH,CSK,SRH,Chennai,185,176,Sunrisers Hyderabad,Chennai Super Kings,Sunrisers Hyderabad,2021-04-24,SRH,field,9,runs,True,Pat Cummins
15,2021,RR,MI,RR,Pune,185,152,Rajasthan Royals,Mumbai Indians,Rajasthan Royals,2021-04-25,MI,field,33,runs,False,Sanju Samson
16,2021,PBKS,DC,DC,Bengaluru,178,186,Punjab Kings,Delhi Capitals,Delhi Capitals,2021-04-26,DC,bat,4,wickets,True,KL Rahul
17,2021,GT,LSG,LSG,Pune,199,212,Gujarat Titans,Lucknow Super Giants,Lucknow Super Giants,2021-04-27,LSG,field,5,wickets,True,Rishabh Pant
18,2021,SRH,KKR,SRH,Lucknow,208,136,Sunrisers Hyderabad,Kolkata Knight Riders,Sunrisers Hyderabad,2021-04-28,SRH,field,72,runs,True,Pat Cummins
19,2021,CSK,MI,CSK,Bengaluru,204,201,Chennai Super Kings,Mumbai Indians,Chennai Super Kings,2021-04-28,CSK,bat,3,runs,True,Ruturaj Gaikwad
20,2021,DC,LSG,LSG,Lucknow,177,195,Delhi Capitals,Lucknow Super Giants,Lucknow Super Giants,2021-04-28,DC,field,5,wickets,False,Rishabh Pant
21,2021,CSK,MI,MI,Hyderabad,159,162,Chennai Super Kings,Mumbai Indians,Mumbai Indians,2021-05-01,MI,field,4,wickets,True,Rohit Sharma
22,2021,DC,RCB,RCB,Chennai,178,189,Delhi Capitals,Royal Challengers Bengaluru,Royal Challengers Bengaluru,2021-05-02,RCB,bat,5,wickets,True,Virat Kohli
23,2021,RCB,GT,RCB,Jaipur,209,202,Royal Challengers Bengaluru,Gujarat Titans,Royal Challengers Bengaluru,2021-05-03,GT,field,7,runs,False,Virat Kohli
24,2021,KKR,RCB,RCB,Bengaluru,214,215,Kolkata Knight Riders,Royal Challengers Bengaluru,Royal Challengers Bengaluru,2021-05-04,KKR,field,4,wickets,False,Virat Kohli
25,2021,LSG,SRH,SRH,Chennai,159,171,Lucknow Super Giants,Sunrisers Hyderabad,Sunrisers Hyderabad,2021-05-05,LSG,bat,5,wickets,False,Travis Head
26,2021,RR,KKR,RR,Kolkata,217,135,Rajasthan Royals,Kolkata Knight Riders,Rajasthan Royals,2021-05-06,RR,field,82,runs,True,Yashasvi Jaiswal
27,2021,MI,PBKS,MI,Lucknow,161,141,Mumbai Indians,Punjab Kings,Mumbai Indians,2021-05-07,PBKS,field,20,runs,False,Rohit Sharma
28,2021,PBKS,GT,PBKS,Jaipur,212,202,Punjab Kings,Gujarat Titans,Punjab Kings,2021-05-08,GT,bat,10,runs,False,Shreyas Iyer
29,2021,DC,KKR,DC,Jaipur,231,210,Delhi Capitals,Kolkata Knight Riders,Delhi Capitals,2021-05-09,KKR,bat,21,runs,False,KL Rahul
30,2021,SRH,PBKS,PBKS,Mumbai,176,179,Sunrisers Hyderabad,Punjab Kings,Punjab Kings,2021-05-10,SRH,field,4,wickets,False,Shreyas Iyer
31,2022,SRH,CSK,SRH,Pune,173,125,Sunrisers Hyderabad,Chennai Super Kings,Sunrisers Hyderabad,2022-05-11,SRH,field,48,runs,True,Travis Head
32,2022,MI,CSK,MI,Mumbai,170,167,Mumbai Indians,Chennai Super Kings,Mumbai Indians,2022-05-12,MI,bat,3,runs,True,Jasprit Bumrah
33,2022,GT,KKR,KKR,Ahmedabad,172,194,Gujarat Titans,Kolkata Knight Riders,Kolkata Knight Riders,2022-05-13,KKR,field,6,wickets,True,Andre Russell
34,2022,RCB,PBKS,RCB,Ahmedabad,197,149,Royal Challengers Bengaluru,Punjab Kings,Royal Challengers Bengaluru,2022-05-14,PBKS,field,48,runs,False,Virat Kohli
35,2022,MI,LSG,LSG,Hyderabad,199,214,Mumbai Indians,Lucknow Super Giants,Lucknow Super Giants,2022-05-15,LSG,bat,5,wickets,True,Rishabh Pant
36,2022,CSK,MI,CSK,Delhi,188,138,Chennai Super Kings,Mumbai Indians,Chennai Super Kings,2022-05-16,CSK,field,50,runs,True,MS Dhoni
37,2022,KKR,LSG,KKR,Lucknow,202,142,Kolkata Knight Riders,Lucknow Super Giants,Kolkata Knight Riders,2022-05-17,KKR,field,60,runs,True,Andre Russell
38,2022,DC,RCB,RCB,Ahmedabad,176,191,Delhi Capitals,Royal Challengers Bengaluru,Royal Challengers Bengaluru,2022-05-18,DC,bat,5,wickets,False,Virat Kohli
39,2022,GT,MI,GT,Lucknow,146,136,Gujarat Titans,Mumbai Indians,Gujarat Titans,2022-05-19,MI,field,10,runs,False,Shubman Gill
40,2022,KKR,RCB,RCB,Ahmedabad,206,219,Kolkata Knight Riders,Royal Challengers Bengaluru,Royal Challengers Bengaluru,2022-05-20,RCB,field,5,wickets,True,Virat Kohli
41,2022,CSK,RCB,RCB,Chennai,194,209,Chennai Super Kings,Royal Challengers Bengaluru,Royal Challengers Bengaluru,2022-05-21,RCB,bat,5,wickets,True,Virat Kohli
42,2022,RR,DC,DC,Bengaluru,169,176,Rajasthan Royals,Delhi Capitals,Delhi Capitals,2022-05-22,RR,field,4,wickets,False,KL Rahul
43,2022,CSK,GT,CSK,Hyderabad,152,131,Chennai Super Kings,Gujarat Titans,Chennai Super Kings,2022-05-23,CSK,field,21,runs,True,Ruturaj Gaikwad
44,2022,LSG,PBKS,LSG,Chennai,210,135,Lucknow Super Giants,Punjab Kings,Lucknow Super Giants,2022-05-24,LSG,field,75,runs,True,Rishabh Pant
45,2022,RCB,MI,RCB,Kolkata,196,140,Royal Challengers Bengaluru,Mumbai Indians,Royal Challengers Bengaluru,2022-05-25,MI,bat,56,runs,False,Virat Kohli
46,2022,LSG,KKR,LSG,Pune,200,178,Lucknow Super Giants,Kolkata Knight Riders,Lucknow Super Giants,2022-05-26,KKR,field,22,runs,False,Rishabh Pant
47,2022,LSG,GT,GT,Jaipur,171,210,Lucknow Super Giants,Gujarat Titans,Gujarat Titans,2022-05-27,GT,field,7,wickets,True,Mohammed Siraj
48,2022,SRH,KKR,KKR,Delhi,161,210,Sunrisers Hyderabad,Kolkata Knight Riders,Kolkata Knight Riders,2022-05-28,SRH,bat,8,wickets,False,Rinku Singh
49,2022,RR,PBKS,PBKS,Mumbai,146,183,Rajasthan Royals,Punjab Kings,Punjab Kings,2022-05-28,RR,field,7,wickets,False,Arshdeep Singh
50,2022,LSG,MI,LSG,Lucknow,198,189,Lucknow Super Giants,Mumbai Indians,Lucknow Super Giants,2022-04-10,LSG,field,9,runs,True,Rishabh Pant
51,2022,RCB,SRH,RCB,Kolkata,192,161,Royal Challengers Bengaluru,Sunrisers Hyderabad,Royal Challengers Bengaluru,2022-04-11,SRH,bat,31,runs,False,Virat Kohli
52,2022,RCB,PBKS,PBKS,Pune,212,234,Royal Challengers Bengaluru,Punjab Kings,Punjab Kings,2022-04-12,PBKS,field,6,wickets,True,Shreyas Iyer
53,2022,GT,RR,GT,Bengaluru,178,139,Gujarat Titans,Rajasthan Royals,Gujarat Titans,2022-04-13,GT,field,39,runs,True,Mohammed Siraj
54,2022,MI,GT,MI,Jaipur,209,202,Mumbai Indians,Gujarat Titans,Mumbai Indians,2022-04-14,MI,bat,7,runs,True,Rohit Sharma
55,2022,SRH,KKR,KKR,Lucknow,207,209,Sunrisers Hyderabad,Kolkata Knight Riders,Kolkata Knight Riders,2022-04-15,SRH,field,4,wickets,False,Andre Russell
56,2022,MI,DC,DC,Chennai,145,167,Mumbai Indians,Delhi Capitals,Delhi Capitals,2022-04-16,DC,field,6,wickets,True,KL Rahul
57,2022,RCB,RR,RCB,Ahmedabad,229,215,Royal Challengers Bengaluru,Rajasthan Royals,Royal Challengers Bengaluru,2022-04-17,RR,field,14,runs,False,Virat Kohli
58,2022,GT,CSK,GT,Mumbai,196,194,Gujarat Titans,Chennai Super Kings,Gujarat Titans,2022-04-18,CSK,bat,2,runs,False,Rashid Khan
59,2022,SRH,GT,SRH,Delhi,161,130,Sunrisers Hyderabad,Gujarat Titans,Sunrisers Hyderabad,2022-04-19,SRH,field,31,runs,True,Travis Head
60,2022,RR,SRH,RR,Hyderabad,220,212,Rajasthan Royals,Sunrisers Hyderabad,Rajasthan Royals,2022-04-20,RR,field,8,runs,True,Yashasvi Jaiswal
61,2023,MI,SRH,SRH,Pune,164,170,Mumbai Indians,Sunrisers Hyderabad,Sunrisers Hyderabad,2023-04-21,MI,bat,4,wickets,False,Travis Head
62,2023,RCB,DC,RCB,Bengaluru,187,177,Royal Challengers Bengaluru,Delhi Capitals,Royal Challengers Bengaluru,2023-04-22,DC,field,10,runs,False,Virat Kohli
63,2023,KKR,RR,KKR,Mumbai,193,129,Kolkata Knight Riders,Rajasthan Royals,Kolkata Knight Riders,2023-04-23,RR,field,64,runs,False,Andre Russell
64,2023,PBKS,KKR,PBKS,Ahmedabad,189,164,Punjab Kings,Kolkata Knight Riders,Punjab Kings,2023-04-24,KKR,bat,25,runs,False,Shreyas Iyer
65,2023,KKR,LSG,KKR,Kolkata,196,167,Kolkata Knight Riders,Lucknow Super Giants,Kolkata Knight Riders,2023-04-25,KKR,field,29,runs,True,Andre Russell
66,2023,RR,MI,MI,Hyderabad,210,232,Rajasthan Royals,Mumbai Indians,Mumbai Indians,2023-04-26,RR,field,6,wickets,False,Rohit Sharma
67,2023,GT,SRH,GT,Mumbai,178,147,Gujarat Titans,Sunrisers Hyderabad,Gujarat Titans,2023-04-27,GT,bat,31,runs,True,Rashid Khan
68,2023,LSG,RR,LSG,Mumbai,221,180,Lucknow Super Giants,Rajasthan Royals,Lucknow Super Giants,2023-04-28,RR,field,41,runs,False,Rishabh Pant
69,2023,SRH,LSG,LSG,Pune,210,223,Sunrisers Hyderabad,Lucknow Super Giants,Lucknow Super Giants,2023-04-28,LSG,field,5,wickets,True,Rishabh Pant
70,2023,LSG,KKR,KKR,Chennai,200,217,Lucknow Super Giants,Kolkata Knight Riders,Kolkata Knight Riders,2023-04-28,KKR,bat,5,wickets,True,Rinku Singh
71,2023,GT,KKR,KKR,Delhi,153,210,Gujarat Titans,Kolkata Knight Riders,Kolkata Knight Riders,2023-05-01,GT,field,9,wickets,False,Andre Russell
72,2023,SRH,LSG,SRH,Jaipur,209,164,Sunrisers Hyderabad,Lucknow Super Giants,Sunrisers Hyderabad,2023-05-02,SRH,field,45,runs,True,Pat Cummins
73,2023,DC,SRH,SRH,Jaipur,215,222,Delhi Capitals,Sunrisers Hyderabad,Sunrisers Hyderabad,2023-05-03,DC,field,4,wickets,False,Travis Head
74,2023,DC,LSG,DC,Pune,217,163,Delhi Capitals,Lucknow Super Giants,Delhi Capitals,2023-05-04,LSG,bat,54,runs,False,KL Rahul
75,2023,DC,GT,DC,Jaipur,181,151,Delhi Capitals,Gujarat Titans,Delhi Capitals,2023-05-05,GT,field,30,runs,False,KL Rahul
76,2023,DC,SRH,SRH,Ahmedabad,201,211,Delhi Capitals,Sunrisers Hyderabad,Sunrisers Hyderabad,2023-05-06,SRH,field,5,wickets,True,Pat Cummins
77,2023,KKR,GT,GT,Bengaluru,155,161,Kolkata Knight Riders,Gujarat Titans,Gujarat Titans,2023-05-07,KKR,bat,4,wickets,False,Mohammed Siraj
78,2023,GT,SRH,GT,Kolkata,184,153,Gujarat Titans,Sunrisers Hyderabad,Gujarat Titans,2023-05-08,GT,field,31,runs,True,Shubman Gill
79,2023,KKR,RCB,KKR,Chennai,205,185,Kolkata Knight Riders,Royal Challengers Bengaluru,Kolkata Knight Riders,2023-05-09,KKR,field,20,runs,True,Andre Russell
80,2023,MI,PBKS,PBKS,Pune,169,214,Mumbai Indians,Punjab Kings,Punjab Kings,2023-05-10,PBKS,bat,8,wickets,True,Shreyas Iyer
81,2023,DC,PBKS,PBKS,Kolkata,163,208,Delhi Capitals,Punjab Kings,Punjab Kings,2023-05-11,PBKS,field,8,wickets,True,Arshdeep Singh
82,2023,CSK,MI,MI,Kolkata,167,214,Chennai Super Kings,Mumbai Indians,Mumbai Indians,2023-05-12,MI,field,8,wickets,True,Suryakumar Yadav
83,2023,GT,PBKS,GT,Lucknow,176,140,Gujarat Titans,Punjab Kings,Gujarat Titans,2023-05-13,GT,bat,36,runs,True,Mohammed Siraj
84,2023,PBKS,RCB,RCB,Lucknow,216,227,Punjab Kings,Royal Challengers Bengaluru,Royal Challengers Bengaluru,2023-05-14,PBKS,field,5,wickets,False,Virat Kohli
85,2023,PBKS,GT,GT,Lucknow,202,226,Punjab Kings,Gujarat Titans,Gujarat Titans,2023-05-15,PBKS,field,6,wickets,False,Rashid Khan
86,2023,PBKS,LSG,LSG,Kolkata,180,191,Punjab Kings,Lucknow Super Giants,Lucknow Super Giants,2023-05-16,LSG,field,5,wickets,True,Rishabh Pant
87,2023,PBKS,KKR,KKR,Ahmedabad,154,161,Punjab Kings,Kolkata Knight Riders,Kolkata Knight Riders,2023-05-17,KKR,bat,4,wickets,True,Andre Russell
88,2023,KKR,RR,RR,Hyderabad,214,219,Kolkata Knight Riders,Rajasthan Royals,Rajasthan Royals,2023-05-18,RR,field,4,wickets,True,Yashasvi Jaiswal
89,2023,RCB,KKR,KKR,Bengaluru,172,186,Royal Challengers Bengaluru,Kolkata Knight Riders,Kolkata Knight Riders,2023-05-19,RCB,field,5,wickets,False,Andre Russell
90,2023,DC,SRH,SRH,Delhi,152,166,Delhi Capitals,Sunrisers Hyderabad,Sunrisers Hyderabad,2023-05-20,DC,bat,5,wickets,False,Pat Cummins
91,2024,DC,CSK,CSK,Ahmedabad,145,170,Delhi Capitals,Chennai Super Kings,Chennai Super Kings,2024-05-21,DC,field,6,wickets,False,Ruturaj Gaikwad
92,2024,RR,DC,DC,Lucknow,214,222,Rajasthan Royals,Delhi Capitals,Delhi Capitals,2024-05-22,DC,field,4,wickets,True,KL Rahul
93,2024,PBKS,KKR,KKR,Delhi,207,220,Punjab Kings,Kolkata Knight Riders,Kolkata Knight Riders,2024-05-23,KKR,bat,5,wickets,True,Andre Russell
94,2024,SRH,DC,SRH,Ahmedabad,222,204,Sunrisers Hyderabad,Delhi Capitals,Sunrisers Hyderabad,2024-05-24,DC,field,18,runs,False,Pat Cummins
95,2024,CSK,DC,CSK,Mumbai,199,142,Chennai Super Kings,Delhi Capitals,Chennai Super Kings,2024-05-25,CSK,field,57,runs,True,Ruturaj Gaikwad
96,2024,PBKS,RCB,PBKS,Jaipur,193,166,Punjab Kings,Royal Challengers Bengaluru,Punjab Kings,2024-05-26,PBKS,bat,27,runs,True,Shreyas Iyer
97,2024,KKR,PBKS,PBKS,Hyderabad,193,218,Kolkata Knight Riders,Punjab Kings,Punjab Kings,2024-05-27,KKR,field,6,wickets,False,Arshdeep Singh
98,2024,DC,RR,DC,Ahmedabad,196,194,Delhi Capitals,Rajasthan Royals,Delhi Capitals,2024-05-28,RR,field,2,runs,False,KL Rahul
99,2024,SRH,KKR,SRH,Chennai,163,156,Sunrisers Hyderabad,Kolkata Knight Riders,Sunrisers Hyderabad,2024-05-28,KKR,bat,7,runs,False,Travis Head
100,2024,CSK,RCB,CSK,Bengaluru,214,210,Chennai Super Kings,Royal Challengers Bengaluru,Chennai Super Kings,2024-04-10,CSK,field,4,runs,True,MS Dhoni
101,2024,LSG,KKR,KKR,Jaipur,192,212,Lucknow Super Giants,Kolkata Knight Riders,Kolkata Knight Riders,2024-04-11,LSG,field,6,wickets,False,Andre Russell
102,2024,LSG,MI,LSG,Jaipur,200,199,Lucknow Super Giants,Mumbai Indians,Lucknow Super Giants,2024-04-12,LSG,field,1,runs,True,Rishabh Pant
103,2024,RR,DC,DC,Kolkata,154,200,Rajasthan Royals,Delhi Capitals,Delhi Capitals,2024-04-13,RR,bat,8,wickets,False,KL Rahul
104,2024,KKR,MI,MI,Pune,160,197,Kolkata Knight Riders,Mumbai Indians,Mumbai Indians,2024-04-14,MI,field,7,wickets,True,Jasprit Bumrah
105,2024,CSK,SRH,SRH,Hyderabad,153,189,Chennai Super Kings,Sunrisers Hyderabad,Sunrisers Hyderabad,2024-04-15,SRH,field,7,wickets,True,Travis Head
106,2024,SRH,CSK,CSK,Ahmedabad,158,180,Sunrisers Hyderabad,Chennai Super Kings,Chennai Super Kings,2024-04-16,SRH,bat,6,wickets,False,MS Dhoni
107,2024,SRH,PBKS,SRH,Delhi,212,191,Sunrisers Hyderabad,Punjab Kings,Sunrisers Hyderabad,2024-04-17,SRH,field,21,runs,True,Travis Head
108,2024,RR,GT,GT,Ahmedabad,200,209,Rajasthan Royals,Gujarat Titans,Gujarat Titans,2024-04-18,RR,field,4,wickets,False,Shubman Gill
109,2024,SRH,KKR,SRH,Jaipur,202,156,Sunrisers Hyderabad,Kolkata Knight Riders,Sunrisers Hyderabad,2024-04-19,KKR,bat,46,runs,False,Travis Head
110,2024,PBKS,DC,DC,Chennai,208,214,Punjab Kings,Delhi Capitals,Delhi Capitals,2024-04-20,DC,field,4,wickets,True,KL Rahul
111,2024,PBKS,KKR,KKR,Jaipur,188,208,Punjab Kings,Kolkata Knight Riders,Kolkata Knight Riders,2024-04-21,KKR,field,6,wickets,True,Andre Russell
112,2024,RR,GT,RR,Lucknow,169,135,Rajasthan Royals,Gujarat Titans,Rajasthan Royals,2024-04-22,RR,bat,34,runs,True,Yashasvi Jaiswal
113,2024,KKR,DC,DC,Lucknow,175,213,Kolkata Knight Riders,Delhi Capitals,Delhi Capitals,2024-04-23,KKR,field,7,wickets,False,KL Rahul
114,2024,PBKS,LSG,LSG,Chennai,156,162,Punjab Kings,Lucknow Super Giants,Lucknow Super Giants,2024-04-24,PBKS,field,4,wickets,False,Rishabh Pant
115,2024,KKR,DC,KKR,Jaipur,219,172,Kolkata Knight Riders,Delhi Capitals,Kolkata Knight Riders,2024-04-25,DC,field,47,runs,False,Andre Russell
116,2024,PBKS,GT,GT,Delhi,215,227,Punjab Kings,Gujarat Titans,Gujarat Titans,2024-04-26,GT,bat,5,wickets,True,Mohammed Siraj
117,2024,PBKS,RR,RR,Jaipur,174,198,Punjab Kings,Rajasthan Royals,Rajasthan Royals,2024-04-27,RR,field,6,wickets,True,Sanju Samson
118,2024,KKR,SRH,KKR,Lucknow,168,149,Kolkata Knight Riders,Sunrisers Hyderabad,Kolkata Knight Riders,2024-04-28,KKR,field,19,runs,True,Rinku Singh
119,2024,KKR,PBKS,PBKS,Pune,212,222,Kolkata Knight Riders,Punjab Kings,Punjab Kings,2024-04-28,KKR,bat,5,wickets,False,Arshdeep Singh
120,2024,MI,KKR,KKR,Kolkata,191,201,Mumbai Indians,Kolkata Knight Riders,Kolkata Knight Riders,2024-04-28,MI,field,5,wickets,False,Rinku Singh
121,2025,CSK,GT,CSK,Jaipur,150,131,Chennai Super Kings,Gujarat Titans,Chennai Super Kings,2025-05-01,GT,field,19,runs,False,Ruturaj Gaikwad
122,2025,GT,RR,GT,Ahmedabad,158,126,Gujarat Titans,Rajasthan Royals,Gujarat Titans,2025-05-02,RR,bat,32,runs,False,Mohammed Siraj
123,2025,LSG,RR,RR,Ahmedabad,201,207,Lucknow Super Giants,Rajasthan Royals,Rajasthan Royals,2025-05-03,RR,field,4,wickets,True,Sanju Samson
124,2025,CSK,RR,RR,Mumbai,153,176,Chennai Super Kings,Rajasthan Royals,Rajasthan Royals,2025-05-04,CSK,field,6,wickets,False,Yashasvi Jaiswal
125,2025,PBKS,MI,PBKS,Bengaluru,207,197,Punjab Kings,Mumbai Indians,Punjab Kings,2025-05-05,PBKS,bat,10,runs,True,Arshdeep Singh
126,2025,MI,KKR,MI,Lucknow,222,202,Mumbai Indians,Kolkata Knight Riders,Mumbai Indians,2025-05-06,MI,field,20,runs,True,Rohit Sharma
127,2025,LSG,KKR,KKR,Ahmedabad,201,220,Lucknow Super Giants,Kolkata Knight Riders,Kolkata Knight Riders,2025-05-07,KKR,field,5,wickets,True,Andre Russell
128,2025,DC,RR,DC,Pune,157,151,Delhi Capitals,Rajasthan Royals,Delhi Capitals,2025-05-08,RR,bat,6,runs,False,KL Rahul
129,2025,KKR,RR,KKR,Bengaluru,175,147,Kolkata Knight Riders,Rajasthan Royals,Kolkata Knight Riders,2025-05-09,RR,bat,28,runs,False,Andre Russell
130,2025,GT,MI,GT,Chennai,197,182,Gujarat Titans,Mumbai Indians,Gujarat Titans,2025-05-10,GT,field,15,runs,True,Rashid Khan
131,2025,LSG,PBKS,PBKS,Chennai,174,197,Lucknow Super Giants,Punjab Kings,Punjab Kings,2025-05-11,LSG,field,6,wickets,False,Arshdeep Singh
132,2025,RR,PBKS,RR,Kolkata,224,205,Rajasthan Royals,Punjab Kings,Rajasthan Royals,2025-05-12,RR,bat,19,runs,True,Yashasvi Jaiswal
133,2025,KKR,DC,KKR,Lucknow,212,207,Kolkata Knight Riders,Delhi Capitals,Kolkata Knight Riders,2025-05-13,DC,field,5,runs,False,Andre Russell
134,2025,RR,RCB,RR,Chennai,166,164,Rajasthan Royals,Royal Challengers Bengaluru,Rajasthan Royals,2025-05-14,RCB,field,2,runs,False,Yashasvi Jaiswal
135,2025,LSG,RR,RR,Mumbai,204,213,Lucknow Super Giants,Rajasthan Royals,Rajasthan Royals,2025-05-15,RR,bat,4,wickets,True,Sanju Samson
136,2025,RR,DC,DC,Lucknow,214,229,Rajasthan Royals,Delhi Capitals,Delhi Capitals,2025-05-16,RR,field,5,wickets,False,KL Rahul
137,2025,MI,CSK,CSK,Hyderabad,222,223,Mumbai Indians,Chennai Super Kings,Chennai Super Kings,2025-05-17,MI,field,4,wickets,False,Ruturaj Gaikwad
138,2025,MI,KKR,MI,Jaipur,218,130,Mumbai Indians,Kolkata Knight Riders,Mumbai Indians,2025-05-18,MI,bat,88,runs,True,Rohit Sharma
139,2025,RCB,PBKS,PBKS,Jaipur,168,199,Royal Challengers Bengaluru,Punjab Kings,Punjab Kings,2025-05-19,PBKS,field,7,wickets,True,Arshdeep Singh
140,2025,DC,PBKS,DC,Ahmedabad,189,177,Delhi Capitals,Punjab Kings,Delhi Capitals,2025-05-20,PBKS,field,12,runs,False,KL Rahul
141,2025,SRH,LSG,SRH,Bengaluru,187,177,Sunrisers Hyderabad,Lucknow Super Giants,Sunrisers Hyderabad,2025-05-21,LSG,bat,10,runs,False,Travis Head
142,2025,PBKS,RR,RR,Lucknow,149,183,Punjab Kings,Rajasthan Royals,Rajasthan Royals,2025-05-22,PBKS,field,7,wickets,False,Yashasvi Jaiswal
143,2025,MI,SRH,SRH,Hyderabad,159,176,Mumbai Indians,Sunrisers Hyderabad,Sunrisers Hyderabad,2025-05-23,MI,field,5,wickets,False,Travis Head
144,2025,GT,CSK,CSK,Delhi,151,168,Gujarat Titans,Chennai Super Kings,Chennai Super Kings,2025-05-24,GT,field,5,wickets,False,MS Dhoni
145,2025,SRH,PBKS,PBKS,Chennai,171,189,Sunrisers Hyderabad,Punjab Kings,Punjab Kings,2025-05-25,PBKS,bat,5,wickets,True,Arshdeep Singh
146,2025,RCB,RR,RR,Ahmedabad,160,181,Royal Challengers Bengaluru,Rajasthan Royals,Rajasthan Royals,2025-05-26,RR,field,6,wickets,True,Yashasvi Jaiswal
147,2025,LSG,KKR,LSG,Jaipur,215,126,Lucknow Super Giants,Kolkata Knight Riders,Lucknow Super Giants,2025-05-27,KKR,field,89,runs,False,Rishabh Pant
148,2025,GT,DC,GT,Kolkata,188,184,Gujarat Titans,Delhi Capitals,Gujarat Titans,2025-05-28,GT,bat,4,runs,True,Rashid Khan
149,2025,RCB,PBKS,PBKS,Lucknow,179,195,Royal Challengers Bengaluru,Punjab Kings,Punjab Kings,2025-05-28,RCB,field,5,wickets,False,Arshdeep Singh
150,2025,PBKS,KKR,KKR,Lucknow,163,174,Punjab Kings,Kolkata Knight Riders,Kolkata Knight Riders,2025-04-10,PBKS,field,5,wickets,False,Rinku Singh
