player,team,role,matches,runs,wickets,average,strike_rate,economy,fifties,hundreds,sixes
Virat Kohli,RCB,Batter,79,5363,11,103.13,149.56,0,21,6,107
Rohit Sharma,MI,Batter,119,3388,0,47.72,144.04,0,41,7,58
MS Dhoni,CSK,Batter,112,5167,5,67.1,137.08,0,38,6,136
Ruturaj Gaikwad,CSK,Batter,96,2745,11,42.23,137.87,0,18,6,31
Suryakumar Yadav,MI,Batter,95,5074,11,61.13,130.44,0,45,2,146
Shubman Gill,GT,Batter,59,2234,8,20.31,128.28,0,10,7,45
Yashasvi Jaiswal,RR,Batter,122,4943,0,93.26,131.4,0,45,2,39
Sanju Samson,RR,Batter,115,3371,5,29.57,142.71,0,45,1,104
Shreyas Iyer,PBKS,Batter,141,4313,5,37.5,143.75,0,35,8,29
Rinku Singh,KKR,Batter,134,1760,3,15.3,142.38,0,22,3,43
Andre Russell,KKR,Batter,110,2006,12,17.29,143.16,0,10,7,62
Pat Cummins,SRH,Bowler,143,556,16,13.9,127.97,6.67,0,0,11
Travis Head,SRH,Batter,102,4728,2,71.64,136.25,0,40,2,63
KL Rahul,DC,Batter,77,1846,9,22.24,139.79,0,19,7,169
Rishabh Pant,LSG,Batter,73,3102,7,26.74,125.16,0,20,0,139
Rashid Khan,GT,Bowler,91,943,49,17.15,117.95,9.34,0,0,9
Jasprit Bumrah,MI,Bowler,136,684,31,7.35,148.81,7.1,0,0,12
Mohammed Siraj,GT,Bowler,116,359,30,4.33,137.88,8.22,0,0,9
Arshdeep Singh,PBKS,Bowler,57,1099,40,15.7,115.32,9.1,0,0,1
