match_id,season,team1,team2,winner,venue,team1_score,team2_score
1,2021,MI,CSK,CSK,Kolkata,173,197
2,2021,MI,GT,MI,Pune,199,129
3,2021,CSK,MI,CSK,Kolkata,209,202
4,2021,CSK,GT,CSK,Lucknow,198,153
5,2021,PBKS,RR,PBKS,Bengaluru,199,168
6,2021,RR,RCB,RR,Hyderabad,158,136
7,2021,DC,MI,MI,Hyderabad,222,224
8,2021,PBKS,GT,PBKS,Delhi,205,195
9,2021,LSG,SRH,LSG,Mumbai,217,209
10,2021,RR,MI,RR,Mumbai,193,160
11,2021,PBKS,SRH,PBKS,Hyderabad,190,151
12,2021,RR,MI,RR,Lucknow,176,145
13,2021,PBKS,DC,DC,Lucknow,173,212
14,2021,SRH,CSK,SRH,Chennai,185,176
15,2021,RR,MI,RR,Pune,185,152
16,2021,PBKS,DC,DC,Bengaluru,178,186
17,2021,GT,LSG,LSG,Pune,199,212
18,2021,SRH,KKR,SRH,Lucknow,208,136
19,2021,CSK,MI,CSK,Bengaluru,204,201
20,2021,DC,LSG,LSG,Lucknow,177,195
21,2021,CSK,MI,MI,Hyderabad,159,162
22,2021,DC,RCB,RCB,Chennai,178,189
23,2021,RCB,GT,RCB,Jaipur,209,202
24,2021,KKR,RCB,RCB,Bengaluru,214,215
25,2021,LSG,SRH,SRH,Chennai,159,171
26,2021,RR,KKR,RR,Kolkata,217,135
27,2021,MI,PBKS,MI,Lucknow,161,141
28,2021,PBKS,GT,PBKS,Jaipur,212,202
29,2021,DC,KKR,DC,Jaipur,231,210
30,2021,SRH,PBKS,PBKS,Mumbai,176,179
31,2022,SRH,CSK,SRH,Pune,173,125
32,2022,MI,CSK,MI,Mumbai,170,167
33,2022,GT,KKR,KKR,Ahmedabad,172,194
34,2022,RCB,PBKS,RCB,Ahmedabad,197,149
35,2022,MI,LSG,LSG,Hyderabad,199,214
36,2022,CSK,MI,CSK,Delhi,188,138
37,2022,KKR,LSG,KKR,Lucknow,202,142
38,2022,DC,RCB,RCB,Ahmedabad,176,191
39,2022,GT,MI,GT,Lucknow,146,136
40,2022,KKR,RCB,RCB,Ahmedabad,206,219
41,2022,CSK,RCB,RCB,Chennai,194,209
42,2022,RR,DC,DC,Bengaluru,169,176
43,2022,CSK,GT,CSK,Hyderabad,152,131
44,2022,LSG,PBKS,LSG,Chennai,210,135
45,2022,RCB,MI,RCB,Kolkata,196,140
46,2022,LSG,KKR,LSG,Pune,200,178
47,2022,LSG,GT,GT,Jaipur,171,210
48,2022,SRH,KKR,KKR,Delhi,161,210
49,2022,RR,PBKS,PBKS,Mumbai,146,183
50,2022,LSG,MI,LSG,Lucknow,198,189
51,2022,RCB,SRH,RCB,Kolkata,192,161
52,2022,RCB,PBKS,PBKS,Pune,212,234
53,2022,GT,RR,GT,Bengaluru,178,139
54,2022,MI,GT,MI,Jaipur,209,202
55,2022,SRH,KKR,KKR,Lucknow,207,209
56,2022,MI,DC,DC,Chennai,145,167
57,2022,RCB,RR,RCB,Ahmedabad,229,215
58,2022,GT,CSK,GT,Mumbai,196,194
59,2022,SRH,GT,SRH,Delhi,161,130
60,2022,RR,SRH,RR,Hyderabad,220,212
61,2023,MI,SRH,SRH,Pune,164,170
62,2023,RCB,DC,RCB,Bengaluru,187,177
63,2023,KKR,RR,KKR,Mumbai,193,129
64,2023,PBKS,KKR,PBKS,Ahmedabad,189,164
65,2023,KKR,LSG,KKR,Kolkata,196,167
66,2023,RR,MI,MI,Hyderabad,210,232
67,2023,GT,SRH,GT,Mumbai,178,147
68,2023,LSG,RR,LSG,Mumbai,221,180
69,2023,SRH,LSG,LSG,Pune,210,223
70,2023,LSG,KKR,KKR,Chennai,200,217
71,2023,GT,KKR,KKR,Delhi,153,210
72,2023,SRH,LSG,SRH,Jaipur,209,164
73,2023,DC,SRH,SRH,Jaipur,215,222
74,2023,DC,LSG,DC,Pune,217,163
75,2023,DC,GT,DC,Jaipur,181,151
76,2023,DC,SRH,SRH,Ahmedabad,201,211
77,2023,KKR,GT,GT,Bengaluru,155,161
78,2023,GT,SRH,GT,Kolkata,184,153
79,2023,KKR,RCB,KKR,Chennai,205,185
80,2023,MI,PBKS,PBKS,Pune,169,214
81,2023,DC,PBKS,PBKS,Kolkata,163,208
82,2023,CSK,MI,MI,Kolkata,167,214
83,2023,GT,PBKS,GT,Lucknow,176,140
84,2023,PBKS,RCB,RCB,Lucknow,216,227
85,2023,PBKS,GT,GT,Lucknow,202,226
86,2023,PBKS,LSG,LSG,Kolkata,180,191
87,2023,PBKS,KKR,KKR,Ahmedabad,154,161
88,2023,KKR,RR,RR,Hyderabad,214,219
89,2023,RCB,KKR,KKR,Bengaluru,172,186
90,2023,DC,SRH,SRH,Delhi,152,166
91,2024,DC,CSK,CSK,Ahmedabad,145,170
92,2024,RR,DC,DC,Lucknow,214,222
93,2024,PBKS,KKR,KKR,Delhi,207,220
94,2024,SRH,DC,SRH,Ahmedabad,222,204
95,2024,CSK,DC,CSK,Mumbai,199,142
96,2024,PBKS,RCB,PBKS,Jaipur,193,166
97,2024,KKR,PBKS,PBKS,Hyderabad,193,218
98,2024,DC,RR,DC,Ahmedabad,196,194
99,2024,SRH,KKR,SRH,Chennai,163,156
100,2024,CSK,RCB,CSK,Bengaluru,214,210
101,2024,LSG,KKR,KKR,Jaipur,192,212
102,2024,LSG,MI,LSG,Jaipur,200,199
103,2024,RR,DC,DC,Kolkata,154,200
104,2024,KKR,MI,MI,Pune,160,197
105,2024,CSK,SRH,SRH,Hyderabad,153,189
106,2024,SRH,CSK,CSK,Ahmedabad,158,180
107,2024,SRH,PBKS,SRH,Delhi,212,191
108,2024,RR,GT,GT,Ahmedabad,200,209
109,2024,SRH,KKR,SRH,Jaipur,202,156
110,2024,PBKS,DC,DC,Chennai,208,214
111,2024,PBKS,KKR,KKR,Jaipur,188,208
112,2024,RR,GT,RR,Lucknow,169,135
113,2024,KKR,DC,DC,Lucknow,175,213
114,2024,PBKS,LSG,LSG,Chennai,156,162
115,2024,KKR,DC,KKR,Jaipur,219,172
116,2024,PBKS,GT,GT,Delhi,215,227
117,2024,PBKS,RR,RR,Jaipur,174,198
118,2024,KKR,SRH,KKR,Lucknow,168,149
119,2024,KKR,PBKS,PBKS,Pune,212,222
120,2024,MI,KKR,KKR,Kolkata,191,201
121,2025,CSK,GT,CSK,Jaipur,150,131
122,2025,GT,RR,GT,Ahmedabad,158,126
123,2025,LSG,RR,RR,Ahmedabad,201,207
124,2025,CSK,RR,RR,Mumbai,153,176
125,2025,PBKS,MI,PBKS,Bengaluru,207,197
126,2025,MI,KKR,MI,Lucknow,222,202
127,2025,LSG,KKR,KKR,Ahmedabad,201,220
128,2025,DC,RR,DC,Pune,157,151
129,2025,KKR,RR,KKR,Bengaluru,175,147
130,2025,GT,MI,GT,Chennai,197,182
131,2025,LSG,PBKS,PBKS,Chennai,174,197
132,2025,RR,PBKS,RR,Kolkata,224,205
133,2025,KKR,DC,KKR,Lucknow,212,207
134,2025,RR,RCB,RR,Chennai,166,164
135,2025,LSG,RR,RR,Mumbai,204,213
136,2025,RR,DC,DC,Lucknow,214,229
137,2025,MI,CSK,CSK,Hyderabad,222,223
138,2025,MI,KKR,MI,Jaipur,218,130
139,2025,RCB,PBKS,PBKS,Jaipur,168,199
140,2025,DC,PBKS,DC,Ahmedabad,189,177
141,2025,SRH,LSG,SRH,Bengaluru,187,177
142,2025,PBKS,RR,RR,Lucknow,149,183
143,2025,MI,SRH,SRH,Hyderabad,159,176
144,2025,GT,CSK,CSK,Delhi,151,168
145,2025,SRH,PBKS,PBKS,Chennai,171,189
146,2025,RCB,RR,RR,Ahmedabad,160,181
147,2025,LSG,KKR,LSG,Jaipur,215,126
148,2025,GT,DC,GT,Kolkata,188,184
149,2025,RCB,PBKS,PBKS,Lucknow,179,195
150,2025,PBKS,KKR,KKR,Lucknow,163,174
